{
  "prompt_v1_scores": {
    "faithfulness": 0.9766666666666666,
    "answer_relevancy": 0.8802105041355429,
    "context_recall": 1.0,
    "context_precision": 0.9866666665768332
  },
  "prompt_v2_scores": {
    "faithfulness": 0.8855238095238096,
    "answer_relevancy": 0.8862972991090196,
    "context_recall": 1.0,
    "context_precision": 0.9866666665758334
  },
  "target_met": true,
  "best_faithfulness": 0.9766666666666666,
  "num_questions_per_prompt": 50,
  "analysis": "Analysis: V1 is more concise, which often reduces unsupported claims."
}